timestamp,openweather_aqi,co,no2,o3,so2,pm2_5,pm10,nh3
2026-08-06 23:00:00,4,73.38,0.12,41.16,0.66,24.58,113.32,0
2026-08-07 00:00:00,4,72.56,0.12,40.29,0.65,24.28,112.25,0
2026-08-07 01:00:00,4,71.48,0.12,39.43,0.64,24.01,111.23,0
2026-08-07 02:00:00,4,70.72,0.13,38.74,0.64,23.89,110.64,0
2026-08-07 03:00:00,4,70.48,0.13,38.58,0.63,23.86,110.06,0
2026-08-07 04:00:00,4,70.4,0.13,38.52,0.62,23.76,108.99,0
2026-08-07 05:00:00,4,69.83,0.13,38.0,0.63,23.65,107.84,0
2026-08-07 06:00:00,4,69.56,0.13,37.65,0.63,23.36,104.81,0
2026-08-07 07:00:00,4,69.13,0.13,37.42,0.62,22.88,101.11,0
2026-08-07 08:00:00,3,68.96,0.12,37.29,0.6,22.41,98.25,0
2026-08-07 09:00:00,3,68.6,0.11,37.12,0.59,21.94,96.61,0
2026-08-07 10:00:00,3,68.49,0.1,36.89,0.58,21.63,96.37,0
2026-08-07 11:00:00,3,68.25,0.09,36.33,0.57,21.34,96.31,0
2026-08-07 12:00:00,3,68.39,0.07,35.73,0.56,20.96,96.63,0
2026-08-07 13:00:00,3,68.67,0.07,35.3,0.55,20.58,96.01,0
2026-08-07 14:00:00,3,68.95,0.06,35.01,0.53,20.29,94.95,0
2026-08-07 15:00:00,3,69.35,0.06,34.83,0.52,20.15,93.51,0
2026-08-07 16:00:00,3,69.4,0.06,34.72,0.51,20.06,92.78,0
2026-08-07 17:00:00,3,69.4,0.07,34.67,0.51,20.01,92.48,0
2026-08-07 18:00:00,3,69.65,0.08,34.81,0.51,19.99,91.99,0
2026-08-07 19:00:00,3,69.9,0.09,34.95,0.51,19.98,92.06,0
2026-08-07 20:00:00,3,70.15,0.1,34.94,0.51,20.13,93.39,0
2026-08-07 21:00:00,3,70.32,0.1,34.83,0.51,20.4,95.71,0
2026-08-07 22:00:00,3,70.33,0.1,34.77,0.51,20.78,98.79,0
2026-08-07 23:00:00,4,70.4,0.1,34.69,0.51,21.12,101.58,0
2026-08-08 00:00:00,4,70.1,0.11,34.61,0.5,21.26,101.86,0
2026-08-08 01:00:00,4,69.96,0.11,34.7,0.48,21.35,101.57,0
2026-08-08 02:00:00,4,69.7,0.11,34.78,0.47,21.49,101.45,0
2026-08-08 03:00:00,4,69.5,0.11,34.85,0.46,21.63,101.0,0
2026-08-08 04:00:00,3,69.26,0.11,34.89,0.46,21.62,99.32,0
2026-08-08 05:00:00,3,69.08,0.11,35.02,0.45,21.5,96.78,0
2026-08-08 06:00:00,3,69.04,0.11,35.41,0.45,21.22,95.13,0
2026-08-08 07:00:00,3,69.11,0.11,35.73,0.45,20.93,93.8,0
2026-08-08 08:00:00,3,68.89,0.12,35.93,0.45,20.64,92.44,0
2026-08-08 09:00:00,3,68.58,0.11,36.08,0.44,20.21,89.94,0
2026-08-08 10:00:00,3,68.34,0.11,36.16,0.45,19.74,86.68,0
2026-08-08 11:00:00,3,68.07,0.09,36.23,0.45,19.16,82.65,0
2026-08-08 12:00:00,3,67.92,0.08,36.56,0.44,18.5,79.13,0
2026-08-08 13:00:00,3,68.4,0.08,37.2,0.43,17.94,77.41,0
2026-08-08 14:00:00,3,68.76,0.07,37.74,0.42,17.73,77.95,0
2026-08-08 15:00:00,3,69.04,0.07,38.07,0.42,17.84,79.43,0
2026-08-08 16:00:00,3,69.3,0.07,38.21,0.41,17.87,78.87,0
2026-08-08 17:00:00,3,69.49,0.08,38.29,0.4,17.79,77.6,0
2026-08-08 18:00:00,3,69.93,0.09,38.49,0.4,17.76,76.99,0
2026-08-08 19:00:00,3,70.31,0.1,38.55,0.4,17.75,77.43,0
2026-08-08 20:00:00,3,70.55,0.11,38.43,0.4,17.85,77.36,0
2026-08-08 21:00:00,3,70.42,0.1,38.04,0.4,17.91,75.69,0
2026-08-08 22:00:00,3,70.41,0.1,37.67,0.4,17.86,72.26,0
2026-08-08 23:00:00,3,70.31,0.1,37.48,0.39,17.67,70.32,0
2026-08-09 00:00:00,3,70.13,0.1,37.31,0.38,17.42,68.22,0
2026-08-09 01:00:00,3,70.19,0.1,37.42,0.37,17.36,66.04,0
2026-08-09 02:00:00,3,70.31,0.1,37.69,0.35,17.49,64.77,0
2026-08-09 03:00:00,3,70.61,0.1,37.97,0.34,17.8,65.12,0
2026-08-09 04:00:00,3,70.75,0.1,38.23,0.33,18.34,67.14,0
2026-08-09 05:00:00,3,70.92,0.1,38.31,0.33,19.06,70.2,0
2026-08-09 06:00:00,3,70.96,0.1,38.39,0.33,19.73,72.46,0
2026-08-09 07:00:00,3,71.18,0.1,38.53,0.32,20.16,73.62,0
2026-08-09 08:00:00,3,71.32,0.1,38.92,0.31,20.4,73.96,0
2026-08-09 09:00:00,3,71.59,0.09,39.55,0.3,20.61,75.78,0
2026-08-09 10:00:00,3,71.9,0.07,40.33,0.29,20.8,77.62,0
2026-08-09 11:00:00,3,72.39,0.06,41.07,0.29,20.78,77.43,0
2026-08-09 12:00:00,3,72.89,0.05,41.57,0.28,20.57,76.25,0
2026-08-09 13:00:00,3,73.32,0.05,41.89,0.28,20.22,74.96,0
2026-08-09 14:00:00,3,73.43,0.04,41.88,0.28,19.81,74.16,0
2026-08-09 15:00:00,3,73.49,0.04,41.57,0.28,19.4,73.54,0
2026-08-09 16:00:00,3,73.16,0.04,40.88,0.29,18.95,73.12,0
2026-08-09 17:00:00,3,72.65,0.05,40.02,0.31,18.63,73.0,0
2026-08-09 18:00:00,3,72.02,0.06,39.33,0.33,18.52,73.26,0
2026-08-09 19:00:00,3,71.7,0.08,38.81,0.34,18.43,73.23,0
2026-08-09 20:00:00,3,71.67,0.08,38.53,0.35,18.32,72.47,0
2026-08-09 21:00:00,3,71.67,0.08,38.46,0.35,18.19,71.37,0
2026-08-09 22:00:00,3,71.94,0.08,38.54,0.35,18.06,70.42,0
2026-08-09 23:00:00,3,72.38,0.08,38.88,0.36,17.9,69.98,0
2026-08-10 00:00:00,3,72.83,0.08,39.32,0.35,17.7,69.84,0
2026-08-10 01:00:00,3,73.43,0.08,39.93,0.35,17.69,71.02,0
2026-08-10 02:00:00,3,74.0,0.08,40.49,0.35,17.94,73.53,0
2026-08-10 03:00:00,3,74.66,0.08,41.06,0.35,18.35,76.07,0
2026-08-10 04:00:00,3,74.75,0.08,41.2,0.35,18.72,77.25,0
2026-08-10 05:00:00,3,74.48,0.08,40.86,0.34,18.96,77.0,0
2026-08-10 06:00:00,3,73.84,0.08,40.16,0.34,18.9,73.92,0
2026-08-10 07:00:00,3,73.23,0.09,39.25,0.34,18.59,69.29,0
2026-08-10 08:00:00,3,72.65,0.09,38.61,0.34,18.08,64.76,0
2026-08-10 09:00:00,3,72.44,0.08,38.57,0.32,17.45,61.84,0
2026-08-10 10:00:00,3,72.46,0.07,38.82,0.32,16.85,60.66,0
2026-08-10 11:00:00,3,72.23,0.06,38.93,0.31,16.27,59.81,0
2026-08-10 12:00:00,3,72.08,0.05,38.86,0.3,15.68,58.09,0
2026-08-10 13:00:00,3,71.84,0.05,38.68,0.29,15.07,55.52,0
2026-08-10 14:00:00,3,71.51,0.05,38.36,0.3,14.58,53.2,0
2026-08-10 15:00:00,3,71.08,0.05,38.05,0.31,14.22,52.16,0
2026-08-10 16:00:00,3,70.48,0.05,37.56,0.34,14.04,53.03,0
2026-08-10 17:00:00,3,69.68,0.05,37.06,0.37,14.09,55.32,0
2026-08-10 18:00:00,3,68.95,0.06,36.77,0.39,14.31,57.92,0
2026-08-10 19:00:00,3,68.72,0.08,36.87,0.4,14.48,59.2,0
2026-08-10 20:00:00,3,69.03,0.08,37.43,0.4,14.58,59.63,0
2026-08-10 21:00:00,3,70.09,0.08,38.19,0.4,14.58,59.65,0
2026-08-10 22:00:00,3,71.0,0.08,38.79,0.41,14.74,60.81,0
2026-08-10 23:00:00,3,71.42,0.08,38.89,0.42,15.32,64.11,0
2026-08-11 00:00:00,3,71.3,0.09,38.58,0.44,15.99,67.45,0
2026-08-11 01:00:00,3,71.05,0.09,38.09,0.45,16.68,71.36,0
2026-08-11 02:00:00,3,71.0,0.09,37.67,0.45,17.31,74.98,0
2026-08-11 03:00:00,3,71.3,0.1,37.91,0.43,17.29,75.33,0
2026-08-11 04:00:00,3,71.69,0.1,38.06,0.42,17.39,75.53,0
2026-08-11 05:00:00,3,71.88,0.1,38.05,0.42,17.88,76.79,0
2026-08-11 06:00:00,3,71.98,0.1,38.34,0.42,18.23,77.12,0
2026-08-11 07:00:00,3,72.43,0.1,39.1,0.41,18.0,75.81,0
2026-08-11 08:00:00,3,72.94,0.1,40.11,0.4,17.67,75.24,0
2026-08-11 09:00:00,3,73.18,0.09,41.0,0.39,17.64,76.41,0
2026-08-11 10:00:00,3,72.99,0.08,41.3,0.4,18.0,79.25,0
2026-08-11 11:00:00,3,72.5,0.07,41.06,0.41,18.31,81.58,0
2026-08-11 12:00:00,3,72.04,0.06,40.77,0.41,18.26,81.8,0
2026-08-11 13:00:00,3,71.77,0.06,40.87,0.42,18.11,81.31,0
2026-08-11 14:00:00,3,72.25,0.05,41.39,0.41,17.96,80.46,0
2026-08-11 15:00:00,3,73.03,0.05,42.21,0.41,17.74,79.29,0
2026-08-11 16:00:00,3,73.33,0.05,42.48,0.41,17.5,78.33,0
2026-08-11 17:00:00,3,73.07,0.05,42.2,0.42,17.5,78.47,0
2026-08-11 18:00:00,3,72.49,0.07,41.98,0.44,17.8,80.25,0
2026-08-11 19:00:00,3,72.01,0.09,41.97,0.47,18.36,83.5,0
2026-08-11 20:00:00,3,71.97,0.09,42.65,0.49,18.95,86.2,0
2026-08-11 21:00:00,3,72.82,0.09,43.95,0.5,19.28,86.75,0
2026-08-11 22:00:00,3,73.96,0.09,45.43,0.49,19.46,85.95,0
2026-08-11 23:00:00,3,74.97,0.09,46.55,0.49,19.6,84.95,0
2026-08-12 00:00:00,3,75.31,0.09,46.94,0.48,19.74,84.34,0
2026-08-12 01:00:00,3,75.34,0.09,46.93,0.47,19.96,84.58,0
2026-08-12 02:00:00,3,74.9,0.09,46.64,0.47,20.31,85.57,0
2026-08-12 03:00:00,3,74.73,0.09,46.43,0.47,20.64,86.79,0
2026-08-12 04:00:00,3,74.38,0.09,46.38,0.47,20.87,87.91,0
2026-08-12 05:00:00,3,74.18,0.09,46.48,0.47,21.01,88.85,0
2026-08-12 06:00:00,3,73.94,0.09,46.61,0.45,20.84,84.6,0
2026-08-12 07:00:00,3,73.78,0.1,46.79,0.42,20.47,80.18,0
2026-08-12 08:00:00,3,73.57,0.1,46.83,0.41,20.25,78.95,0
2026-08-12 09:00:00,3,73.39,0.1,46.69,0.41,20.39,82.59,0
2026-08-12 10:00:00,3,73.04,0.09,46.01,0.41,20.79,87.7,0
2026-08-12 11:00:00,3,72.61,0.08,44.84,0.42,21.01,90.09,0
2026-08-12 12:00:00,3,72.3,0.07,43.55,0.42,20.94,90.33,0
2026-08-12 13:00:00,3,72.4,0.06,42.4,0.42,20.66,89.29,0
2026-08-12 14:00:00,3,72.56,0.06,41.45,0.41,20.24,87.47,0
2026-08-12 15:00:00,3,73.07,0.06,40.77,0.4,19.73,85.33,0
2026-08-12 16:00:00,3,73.47,0.06,40.33,0.39,19.13,82.66,0
2026-08-12 17:00:00,3,73.84,0.07,40.16,0.39,18.59,80.52,0
2026-08-12 18:00:00,3,74.1,0.08,40.06,0.39,18.27,79.12,0
2026-08-12 19:00:00,3,74.31,0.09,39.8,0.4,18.05,78.12,0
2026-08-12 20:00:00,3,74.4,0.09,39.56,0.4,17.88,77.02,0
2026-08-12 21:00:00,3,74.41,0.09,39.53,0.4,17.7,75.74,0
2026-08-12 22:00:00,3,74.49,0.09,39.67,0.41,17.55,74.7,0
2026-08-12 23:00:00,3,74.39,0.09,39.52,0.41,17.43,73.7,0
2026-08-13 00:00:00,3,73.71,0.09,38.83,0.41,17.41,73.03,0
2026-08-13 01:00:00,3,73.02,0.09,38.02,0.42,17.48,72.87,0
2026-08-13 02:00:00,3,72.44,0.1,37.32,0.42,17.6,73.21,0
2026-08-13 03:00:00,3,72.24,0.1,37.01,0.41,17.68,72.81,0
2026-08-13 04:00:00,3,72.21,0.09,37.31,0.4,17.6,69.51,0
2026-08-13 05:00:00,3,72.62,0.09,38.09,0.38,17.45,66.87,0
2026-08-13 06:00:00,3,73.15,0.09,39.2,0.37,17.4,66.85,0
2026-08-13 07:00:00,3,73.61,0.09,40.39,0.36,17.42,68.28,0
2026-08-13 08:00:00,3,73.65,0.09,41.19,0.36,17.52,69.69,0
2026-08-13 09:00:00,3,73.46,0.08,41.67,0.36,17.57,70.46,0
2026-08-13 10:00:00,3,72.99,0.07,41.75,0.36,17.66,71.54,0
2026-08-13 11:00:00,3,72.64,0.06,41.53,0.36,17.75,72.55,0
2026-08-13 12:00:00,3,71.97,0.05,41.02,0.36,17.74,71.77,0
2026-08-13 13:00:00,3,71.27,0.05,40.29,0.36,17.53,68.69,0
2026-08-13 14:00:00,3,70.62,0.05,39.58,0.35,17.16,65.07,0
2026-08-13 15:00:00,3,70.44,0.05,39.15,0.35,16.75,63.41,0
2026-08-13 16:00:00,3,70.31,0.05,38.96,0.37,16.38,64.77,0
2026-08-13 17:00:00,3,70.44,0.05,39.21,0.39,15.97,66.08,0
2026-08-13 18:00:00,3,70.71,0.06,39.69,0.39,15.52,63.95,0
2026-08-13 19:00:00,3,70.85,0.07,40.1,0.4,15.01,60.54,0
2026-08-13 20:00:00,3,70.77,0.08,40.38,0.4,14.53,57.99,0
2026-08-13 21:00:00,3,70.7,0.08,40.59,0.4,14.21,57.69,0
2026-08-13 22:00:00,3,70.68,0.08,40.8,0.41,14.28,59.52,0
2026-08-13 23:00:00,3,70.44,0.08,40.73,0.42,14.84,63.23,0
2026-08-14 00:00:00,3,70.06,0.08,40.52,0.44,15.71,67.81,0
2026-08-14 01:00:00,3,70.21,0.08,40.53,0.44,16.46,71.69,0
2026-08-14 02:00:00,3,70.75,0.08,40.81,0.44,16.86,73.75,0
2026-08-14 03:00:00,3,71.44,0.08,41.28,0.43,16.92,73.25,0
2026-08-14 04:00:00,3,72.05,0.08,41.9,0.42,16.95,72.12,0
2026-08-14 05:00:00,3,72.2,0.08,42.45,0.41,17.25,72.94,0
2026-08-14 06:00:00,3,72.07,0.08,43.15,0.41,17.75,74.57,0
2026-08-14 07:00:00,3,71.72,0.08,44.09,0.41,18.22,76.02,0
2026-08-14 08:00:00,3,71.17,0.08,45.12,0.4,18.67,77.79,0
2026-08-14 09:00:00,3,70.25,0.08,46.07,0.41,19.03,79.54,0
2026-08-14 10:00:00,3,69.02,0.07,46.89,0.41,19.27,81.44,0
2026-08-14 11:00:00,3,67.68,0.06,47.48,0.42,19.32,82.22,0
2026-08-14 12:00:00,3,66.77,0.05,47.74,0.42,18.92,80.57,0
2026-08-14 13:00:00,3,66.56,0.04,47.75,0.41,18.06,76.47,0
2026-08-14 14:00:00,3,66.87,0.04,47.2,0.4,16.84,70.93,0
2026-08-14 15:00:00,3,67.47,0.04,45.96,0.4,16.52,69.7,0
2026-08-14 16:00:00,3,67.69,0.05,43.91,0.42,16.68,71.16,0
2026-08-14 17:00:00,3,67.66,0.06,41.57,0.43,16.99,72.68,0
2026-08-14 18:00:00,3,68.38,0.07,40.0,0.45,16.9,72.21,0
2026-08-14 19:00:00,3,69.53,0.08,39.26,0.45,16.55,70.63,0
2026-08-14 20:00:00,3,70.59,0.09,39.04,0.45,16.22,69.33,0
2026-08-14 21:00:00,3,70.99,0.09,38.78,0.46,16.19,69.34,0
2026-08-14 22:00:00,3,70.88,0.09,38.45,0.45,16.38,69.82,0
2026-08-14 23:00:00,3,70.89,0.09,38.34,0.45,16.47,70.59,0
2026-08-15 00:00:00,3,70.96,0.09,38.65,0.43,16.32,69.32,0
2026-08-15 01:00:00,3,71.21,0.09,39.46,0.42,16.68,70.63,0
2026-08-15 02:00:00,3,71.35,0.09,40.28,0.43,17.51,74.06,0
2026-08-15 03:00:00,3,71.28,0.09,40.88,0.43,17.89,74.71,0
2026-08-15 04:00:00,3,70.66,0.09,41.08,0.43,17.77,73.28,0
2026-08-15 05:00:00,3,69.78,0.09,41.06,0.43,17.61,73.29,0
2026-08-15 06:00:00,3,69.21,0.09,41.29,0.44,17.42,76.18,0
2026-08-15 07:00:00,3,68.97,0.09,41.96,0.44,17.2,77.36,0
2026-08-15 08:00:00,3,68.87,0.1,42.9,0.43,17.37,78.65,0
2026-08-15 09:00:00,3,68.83,0.09,43.89,0.43,17.52,78.91,0
2026-08-15 10:00:00,3,68.63,0.08,44.86,0.42,17.73,79.19,0
2026-08-15 11:00:00,3,68.47,0.07,45.57,0.42,17.93,79.23,0
2026-08-15 12:00:00,3,68.08,0.06,45.84,0.42,17.93,77.54,0
2026-08-15 13:00:00,3,67.6,0.05,45.75,0.41,17.67,75.03,0
2026-08-15 14:00:00,3,67.3,0.05,45.31,0.4,17.29,72.29,0
2026-08-15 15:00:00,3,67.2,0.05,44.58,0.39,16.89,69.17,0
2026-08-15 16:00:00,3,67.18,0.05,43.79,0.39,16.56,65.7,0
2026-08-15 17:00:00,3,67.19,0.05,43.09,0.38,16.28,62.36,0
2026-08-15 18:00:00,3,67.43,0.06,42.74,0.38,16.07,61.18,0
2026-08-15 19:00:00,3,67.81,0.08,42.59,0.37,15.84,60.51,0
2026-08-15 20:00:00,3,67.99,0.08,42.56,0.37,15.88,60.51,0
2026-08-15 21:00:00,3,68.08,0.08,42.59,0.37,16.05,61.53,0
2026-08-15 22:00:00,3,68.1,0.08,42.67,0.38,16.48,64.18,0
2026-08-15 23:00:00,3,68.05,0.08,42.81,0.4,17.17,68.57,0
2026-08-16 00:00:00,3,67.93,0.08,43.02,0.42,17.96,74.43,0
2026-08-16 01:00:00,3,67.86,0.08,43.36,0.43,18.77,79.18,0
2026-08-16 02:00:00,3,68.13,0.08,43.73,0.43,19.43,81.48,0
2026-08-16 03:00:00,3,68.67,0.08,44.21,0.42,19.8,80.25,0
2026-08-16 04:00:00,3,69.13,0.08,44.63,0.42,20.02,80.7,0
2026-08-16 05:00:00,3,69.7,0.08,44.98,0.42,20.19,84.25,0
2026-08-16 06:00:00,3,70.08,0.08,45.32,0.42,20.22,87.37,0
2026-08-16 07:00:00,3,70.68,0.08,45.67,0.42,20.11,88.25,0
2026-08-16 08:00:00,3,71.13,0.09,46.08,0.4,19.79,86.71,0
2026-08-16 09:00:00,3,71.52,0.08,46.37,0.4,19.39,86.47,0
2026-08-16 10:00:00,3,71.75,0.07,46.55,0.4,19.23,87.26,0
2026-08-16 11:00:00,3,71.98,0.05,46.75,0.39,19.14,86.92,0
2026-08-16 12:00:00,3,71.81,0.04,46.56,0.39,19.14,86.53,0
2026-08-16 13:00:00,3,71.2,0.04,46.05,0.39,19.3,87.2,0
2026-08-16 14:00:00,3,70.11,0.04,45.35,0.4,19.49,88.51,0
2026-08-16 15:00:00,3,69.03,0.04,44.94,0.41,19.49,88.33,0
2026-08-16 16:00:00,3,67.98,0.05,44.98,0.42,19.07,85.44,0
2026-08-16 17:00:00,3,67.21,0.06,45.61,0.42,18.35,81.63,0
2026-08-16 18:00:00,3,66.67,0.07,46.47,0.43,17.9,79.37,0
2026-08-16 19:00:00,3,66.37,0.08,47.02,0.45,17.81,79.37,0
2026-08-16 20:00:00,3,66.07,0.09,47.27,0.47,17.92,80.66,0
2026-08-16 21:00:00,3,65.98,0.09,47.13,0.48,18.03,82.66,0
2026-08-16 22:00:00,3,66.1,0.09,46.89,0.48,18.16,84.48,0
2026-08-16 23:00:00,3,66.39,0.08,46.5,0.49,18.58,87.39,0
2026-08-17 00:00:00,3,66.64,0.08,45.91,0.49,19.04,89.6,0
2026-08-17 01:00:00,3,67.0,0.09,45.29,0.5,19.54,93.17,0
2026-08-17 02:00:00,3,67.46,0.09,44.68,0.5,20.04,96.78,0
2026-08-17 03:00:00,3,67.83,0.09,44.12,0.5,20.4,95.62,0
2026-08-17 04:00:00,3,68.26,0.09,43.67,0.49,20.66,94.57,0
2026-08-17 05:00:00,3,68.83,0.09,43.52,0.49,20.75,94.14,0
2026-08-17 06:00:00,3,69.42,0.09,43.67,0.48,20.63,92.2,0
2026-08-17 07:00:00,3,70.17,0.1,44.07,0.46,20.22,88.26,0
2026-08-17 08:00:00,3,70.87,0.09,44.57,0.44,19.73,84.17,0
2026-08-17 09:00:00,3,71.24,0.08,44.98,0.42,19.29,80.99,0
2026-08-17 10:00:00,3,71.36,0.07,45.14,0.4,18.97,78.32,0
2026-08-17 11:00:00,3,71.36,0.06,44.93,0.4,18.77,77.38,0
2026-08-17 12:00:00,3,71.02,0.06,44.17,0.39,18.56,77.11,0
2026-08-17 13:00:00,3,70.79,0.06,43.09,0.4,18.25,76.79,0
2026-08-17 14:00:00,3,70.45,0.06,41.92,0.41,18.02,76.49,0
2026-08-17 15:00:00,3,70.42,0.06,40.72,0.43,17.9,75.76,0
2026-08-17 16:00:00,3,70.37,0.06,39.56,0.44,17.55,73.39,0
2026-08-17 17:00:00,3,70.41,0.07,38.76,0.44,17.22,71.12,0
2026-08-17 18:00:00,3,71.03,0.08,38.34,0.45,17.24,70.99,0
2026-08-17 19:00:00,3,71.75,0.09,38.25,0.46,17.5,72.58,0
2026-08-17 20:00:00,3,72.27,0.1,38.22,0.47,17.78,74.66,0
2026-08-17 21:00:00,3,72.74,0.1,38.05,0.48,18.19,77.17,0
2026-08-17 22:00:00,3,72.75,0.1,37.82,0.49,19.12,81.57,0
2026-08-17 23:00:00,3,72.52,0.11,37.59,0.51,20.28,86.59,0
2026-08-18 00:00:00,3,72.16,0.11,37.33,0.53,21.09,89.83,0
2026-08-18 01:00:00,3,71.95,0.11,37.27,0.53,21.42,90.86,0
2026-08-18 02:00:00,3,72.0,0.12,37.29,0.52,21.45,90.51,0
2026-08-18 03:00:00,3,72.08,0.12,37.23,0.51,21.45,89.79,0
2026-08-18 04:00:00,3,72.09,0.12,37.03,0.5,21.41,88.47,0
2026-08-18 05:00:00,3,72.22,0.12,36.71,0.49,21.09,84.36,0
2026-08-18 06:00:00,3,72.26,0.12,36.31,0.48,20.64,80.16,0
2026-08-18 07:00:00,3,72.39,0.12,36.05,0.48,20.13,76.69,0
2026-08-18 08:00:00,3,72.64,0.12,35.67,0.47,19.49,73.02,0
2026-08-18 09:00:00,3,72.61,0.12,35.39,0.45,18.62,69.22,0
2026-08-18 10:00:00,3,72.66,0.11,35.1,0.45,17.81,66.79,0
2026-08-18 11:00:00,3,72.65,0.09,34.87,0.45,17.23,65.98,0
2026-08-18 12:00:00,3,72.5,0.08,34.48,0.45,16.91,66.58,0
2026-08-18 13:00:00,3,72.52,0.07,34.02,0.46,16.79,66.88,0
2026-08-18 14:00:00,3,72.44,0.07,33.63,0.45,16.71,66.02,0
2026-08-18 15:00:00,3,72.56,0.07,33.39,0.45,16.6,64.71,0
2026-08-18 16:00:00,3,72.65,0.07,33.3,0.45,16.43,64.2,0
2026-08-18 17:00:00,3,72.64,0.08,33.21,0.45,16.49,66.0,0
2026-08-18 18:00:00,3,72.75,0.09,33.15,0.47,16.86,70.51,0
2026-08-18 19:00:00,3,72.7,0.1,33.06,0.48,17.39,76.31,0
2026-08-18 20:00:00,3,72.33,0.1,32.79,0.49,17.78,81.28,0
2026-08-18 21:00:00,3,71.68,0.11,32.33,0.5,18.14,85.25,0
2026-08-18 22:00:00,3,70.83,0.11,31.7,0.51,18.51,88.11,0
2026-08-18 23:00:00,3,69.98,0.11,31.21,0.51,18.34,87.47,0
2026-08-19 00:00:00,3,69.0,0.11,31.09,0.5,17.4,82.35,0
2026-08-19 01:00:00,3,68.48,0.11,31.44,0.49,16.3,76.32,0
2026-08-19 02:00:00,3,67.91,0.11,31.91,0.48,15.82,73.44,0
2026-08-19 03:00:00,3,67.37,0.11,32.12,0.48,15.92,73.4,0
2026-08-19 04:00:00,3,66.69,0.11,32.13,0.48,15.72,72.06,0
2026-08-19 05:00:00,3,66.3,0.11,32.21,0.47,14.94,68.22,0
2026-08-19 06:00:00,3,66.29,0.11,32.67,0.46,14.02,63.77,0
2026-08-19 07:00:00,3,66.62,0.11,33.32,0.44,13.2,59.12,0
2026-08-19 08:00:00,3,67.03,0.1,33.98,0.42,12.86,56.35,0
2026-08-19 09:00:00,3,67.25,0.09,34.57,0.42,12.86,55.82,0
2026-08-19 10:00:00,3,67.49,0.08,34.98,0.42,13.16,56.88,0
2026-08-19 11:00:00,3,67.76,0.07,35.14,0.42,13.71,58.7,0
2026-08-19 12:00:00,3,67.84,0.06,35.12,0.43,14.5,60.86,0
2026-08-19 13:00:00,3,68.11,0.06,34.97,0.43,15.31,63.12,0
2026-08-19 14:00:00,3,68.38,0.05,34.64,0.44,15.82,65.01,0
2026-08-19 15:00:00,3,68.62,0.05,34.28,0.45,15.96,66.26,0
2026-08-19 16:00:00,3,68.55,0.06,33.81,0.46,15.75,66.53,0
2026-08-19 17:00:00,3,68.51,0.06,33.27,0.47,15.35,66.04,0
2026-08-19 18:00:00,3,68.42,0.08,32.73,0.48,14.95,65.49,0
2026-08-19 19:00:00,3,68.27,0.1,31.96,0.48,14.53,64.98,0
2026-08-19 20:00:00,3,67.97,0.11,31.21,0.49,14.41,66.15,0
2026-08-19 21:00:00,3,67.64,0.11,30.46,0.49,14.43,67.65,0
2026-08-19 22:00:00,3,67.66,0.11,29.97,0.49,14.43,68.75,0
2026-08-19 23:00:00,3,67.95,0.11,29.88,0.47,14.24,68.54,0
2026-08-20 00:00:00,3,68.25,0.11,30.12,0.45,13.71,66.17,0
2026-08-20 01:00:00,3,68.56,0.1,30.59,0.43,13.02,62.86,0
2026-08-20 02:00:00,3,68.52,0.1,30.82,0.41,12.43,59.26,0
2026-08-20 03:00:00,3,68.0,0.11,30.76,0.4,11.9,54.22,0
2026-08-20 04:00:00,3,67.43,0.11,30.5,0.39,11.76,50.69,0
2026-08-20 05:00:00,3,66.84,0.11,30.46,0.4,12.26,50.9,0
2026-08-20 06:00:00,3,66.73,0.11,30.82,0.41,12.88,52.4,0
2026-08-20 07:00:00,3,66.94,0.12,31.52,0.41,13.22,52.25,0
2026-08-20 08:00:00,3,67.44,0.11,32.56,0.39,13.39,50.62,0
2026-08-20 09:00:00,3,67.92,0.09,33.75,0.38,13.43,50.4,0
2026-08-20 10:00:00,3,68.34,0.08,34.84,0.38,13.6,51.64,0
2026-08-20 11:00:00,3,68.53,0.07,35.53,0.39,13.84,53.1,0
2026-08-20 12:00:00,3,68.77,0.06,35.94,0.39,14.19,54.61,0
2026-08-20 13:00:00,3,68.87,0.06,36.12,0.39,14.63,57.12,0
2026-08-20 14:00:00,3,69.03,0.05,36.02,0.39,15.06,60.14,0
2026-08-20 15:00:00,3,69.04,0.05,35.93,0.4,15.36,63.37,0
2026-08-20 16:00:00,3,69.2,0.06,35.7,0.4,15.38,64.75,0
2026-08-20 17:00:00,3,69.32,0.06,35.52,0.41,15.02,63.13,0
2026-08-20 18:00:00,3,69.52,0.07,35.39,0.41,14.55,60.98,0
2026-08-20 19:00:00,3,69.81,0.09,35.14,0.41,14.24,60.01,0
2026-08-20 20:00:00,3,69.66,0.09,34.56,0.42,14.17,59.75,0
2026-08-20 21:00:00,3,69.3,0.1,33.69,0.42,14.07,58.22,0
2026-08-20 22:00:00,3,69.11,0.1,32.78,0.41,13.78,55.45,0
2026-08-20 23:00:00,3,69.25,0.1,32.02,0.4,13.44,53.25,0
2026-08-21 00:00:00,3,69.42,0.1,31.46,0.39,13.15,52.35,0
2026-08-21 01:00:00,3,69.64,0.1,31.16,0.39,13.0,52.83,0
2026-08-21 02:00:00,3,69.6,0.1,30.93,0.39,13.2,54.97,0
2026-08-21 03:00:00,3,69.22,0.11,30.76,0.4,13.75,57.65,0
2026-08-21 04:00:00,3,68.87,0.11,30.76,0.41,14.41,59.99,0
2026-08-21 05:00:00,3,68.5,0.11,31.15,0.41,15.01,62.81,0
2026-08-21 06:00:00,3,68.51,0.11,31.78,0.41,15.54,64.92,0
2026-08-21 07:00:00,3,68.66,0.11,32.72,0.41,16.23,67.77,0
2026-08-21 08:00:00,3,69.01,0.11,33.81,0.4,16.92,70.81,0
2026-08-21 09:00:00,3,69.23,0.09,35.02,0.4,17.19,71.76,0
2026-08-21 10:00:00,3,69.69,0.08,36.32,0.38,17.06,71.4,0
2026-08-21 11:00:00,3,70.24,0.07,37.42,0.37,16.75,70.4,0
2026-08-21 12:00:00,3,70.6,0.06,38.2,0.37,16.4,70.1,0
2026-08-21 13:00:00,3,70.81,0.05,38.59,0.37,15.93,69.49,0
2026-08-21 14:00:00,3,70.73,0.05,38.81,0.37,15.25,67.29,0
2026-08-21 15:00:00,3,71.07,0.05,39.05,0.37,14.49,64.29,0
2026-08-21 16:00:00,3,71.48,0.05,39.31,0.37,13.86,61.91,0
2026-08-21 17:00:00,3,71.87,0.05,39.66,0.37,13.63,61.16,0
2026-08-21 18:00:00,3,72.45,0.07,39.9,0.37,13.9,61.53,0
2026-08-21 19:00:00,3,72.77,0.08,39.94,0.38,14.46,62.54,0
2026-08-21 20:00:00,3,72.85,0.08,39.86,0.38,15.05,64.32,0
2026-08-21 21:00:00,3,72.67,0.09,39.69,0.4,15.51,66.95,0
2026-08-21 22:00:00,3,72.66,0.09,39.57,0.41,15.9,69.2,0
2026-08-21 23:00:00,3,72.41,0.09,39.52,0.42,16.31,70.36,0
2026-08-22 00:00:00,3,72.29,0.09,39.57,0.43,16.83,72.85,0
2026-08-22 01:00:00,3,72.16,0.09,39.72,0.43,17.35,76.82,0
2026-08-22 02:00:00,3,71.88,0.09,39.95,0.44,17.81,80.87,0
2026-08-22 03:00:00,3,71.64,0.09,40.29,0.44,18.25,83.61,0
2026-08-22 04:00:00,3,71.45,0.09,40.67,0.45,18.47,84.38,0
2026-08-22 05:00:00,3,71.23,0.1,41.04,0.45,18.4,83.64,0
2026-08-22 06:00:00,3,71.13,0.1,41.36,0.44,17.88,78.17,0
2026-08-22 07:00:00,3,71.09,0.1,41.62,0.43,17.09,70.56,0
2026-08-22 08:00:00,3,71.13,0.1,42.04,0.41,16.14,63.45,0
2026-08-22 09:00:00,3,70.97,0.09,42.41,0.38,15.26,58.72,0
2026-08-22 10:00:00,3,71.07,0.07,42.82,0.38,14.94,57.26,0
2026-08-22 11:00:00,3,70.88,0.06,42.84,0.38,15.14,58.04,0
2026-08-22 12:00:00,3,70.94,0.06,42.62,0.38,15.53,60.78,0
2026-08-22 13:00:00,3,70.96,0.05,42.24,0.38,15.75,63.43,0
2026-08-22 14:00:00,3,71.24,0.05,41.72,0.38,15.9,65.45,0
2026-08-22 15:00:00,3,71.7,0.05,41.4,0.37,16.1,68.1,0
2026-08-22 16:00:00,3,71.79,0.05,40.95,0.37,16.43,71.02,0
2026-08-22 17:00:00,3,71.65,0.05,40.54,0.39,16.83,73.5,0
2026-08-22 18:00:00,3,71.5,0.07,40.34,0.4,17.28,76.17,0
2026-08-22 19:00:00,3,71.3,0.08,40.14,0.42,17.65,78.6,0
2026-08-22 20:00:00,3,71.4,0.09,40.01,0.43,17.96,80.78,0
2026-08-22 21:00:00,3,71.68,0.09,40.01,0.44,18.29,82.61,0
2026-08-22 22:00:00,3,71.85,0.09,39.85,0.45,18.72,84.55,0
2026-08-22 23:00:00,3,71.65,0.1,39.53,0.47,19.23,86.33,0
2026-08-23 00:00:00,3,71.51,0.1,39.17,0.49,19.76,88.91,0
2026-08-23 01:00:00,3,71.46,0.1,38.86,0.5,20.29,91.87,0
2026-08-23 02:00:00,3,71.73,0.11,38.8,0.51,20.71,94.37,0
2026-08-23 03:00:00,3,72.32,0.11,38.99,0.51,21.09,96.76,0
2026-08-23 04:00:00,3,72.83,0.11,39.14,0.51,21.38,98.42,0
2026-08-23 05:00:00,3,72.96,0.11,39.01,0.51,21.65,99.54,0
2026-08-23 06:00:00,3,73.1,0.12,38.66,0.52,21.92,99.96,0
2026-08-23 07:00:00,3,72.9,0.12,38.07,0.52,22.05,99.78,0
2026-08-23 08:00:00,3,72.7,0.13,37.62,0.53,22.08,99.53,0
2026-08-23 09:00:00,3,72.33,0.12,37.42,0.52,21.95,98.99,0
2026-08-23 10:00:00,3,72.36,0.1,37.66,0.51,21.88,99.17,0
2026-08-23 11:00:00,3,72.39,0.09,37.98,0.5,21.86,99.55,0
2026-08-23 12:00:00,3,72.37,0.08,38.11,0.48,21.85,99.7,0
2026-08-23 13:00:00,3,72.24,0.07,37.89,0.47,21.8,98.88,0
2026-08-23 14:00:00,3,71.96,0.07,37.4,0.47,21.66,97.89,0
2026-08-23 15:00:00,3,71.78,0.07,36.89,0.47,21.55,98.03,0
2026-08-23 16:00:00,3,71.69,0.07,36.45,0.49,21.45,99.15,0
2026-08-23 17:00:00,4,71.51,0.08,36.41,0.51,21.48,101.1,0
2026-08-23 18:00:00,4,71.91,0.1,36.69,0.52,21.64,104.0,0
2026-08-23 19:00:00,4,72.31,0.11,37.09,0.52,21.82,106.95,0
2026-08-23 20:00:00,4,72.69,0.11,37.45,0.52,22.01,109.69,0
2026-08-23 21:00:00,4,72.81,0.11,37.62,0.51,22.19,111.24,0
2026-08-23 22:00:00,4,73.15,0.11,37.72,0.5,22.31,111.86,0
2026-08-23 23:00:00,4,73.49,0.1,37.91,0.49,22.37,112.02,0
2026-08-24 00:00:00,4,73.96,0.1,38.18,0.47,22.37,111.82,0
2026-08-24 01:00:00,4,74.49,0.1,38.56,0.45,22.35,111.34,0
2026-08-24 02:00:00,4,74.81,0.1,38.88,0.43,22.29,109.86,0
2026-08-24 03:00:00,4,75.11,0.1,39.09,0.42,22.24,109.73,0
2026-08-24 04:00:00,4,75.41,0.1,38.96,0.41,22.2,109.85,0
2026-08-24 05:00:00,4,75.48,0.1,38.94,0.41,22.19,109.73,0
2026-08-24 06:00:00,4,75.48,0.11,39.07,0.41,22.29,109.82,0
2026-08-24 07:00:00,4,75.69,0.11,39.46,0.39,22.45,110.29,0
2026-08-24 08:00:00,4,76.11,0.12,39.88,0.37,22.66,110.77,0
2026-08-24 09:00:00,4,76.04,0.1,40.3,0.35,22.8,110.96,0
2026-08-24 10:00:00,4,76.13,0.08,40.62,0.33,22.91,111.05,0
2026-08-24 11:00:00,4,75.95,0.07,40.63,0.33,23.03,111.26,0
2026-08-24 12:00:00,4,75.78,0.06,40.28,0.32,23.11,111.54,0
2026-08-24 13:00:00,4,75.16,0.06,39.62,0.33,23.1,111.66,0
2026-08-24 14:00:00,4,74.56,0.06,38.87,0.34,23.04,111.33,0
2026-08-24 15:00:00,4,73.79,0.06,38.12,0.36,22.9,109.61,0
2026-08-24 16:00:00,4,73.08,0.07,37.33,0.37,22.5,105.7,0
2026-08-24 17:00:00,4,72.23,0.08,36.61,0.39,21.99,102.06,0
2026-08-24 18:00:00,4,72.08,0.09,36.29,0.4,21.55,101.01,0
2026-08-24 19:00:00,4,72.29,0.11,36.36,0.41,21.15,101.3,0
2026-08-24 20:00:00,4,72.56,0.11,36.51,0.42,20.78,100.69,0
2026-08-24 21:00:00,3,73.09,0.11,36.81,0.42,20.43,99.18,0
2026-08-24 22:00:00,3,73.57,0.11,37.02,0.44,20.14,96.84,0
2026-08-24 23:00:00,3,74.05,0.11,37.01,0.45,19.79,94.01,0
2026-08-25 00:00:00,3,74.19,0.11,37.0,0.45,19.36,89.75,0
2026-08-25 01:00:00,3,74.29,0.11,37.04,0.44,19.01,86.08,0
2026-08-25 02:00:00,3,74.47,0.1,37.27,0.42,18.82,83.92,0
2026-08-25 03:00:00,3,74.7,0.1,37.68,0.4,18.83,84.12,0
2026-08-25 04:00:00,3,74.9,0.1,37.84,0.38,18.99,84.25,0
2026-08-25 05:00:00,3,74.89,0.1,37.87,0.37,19.16,83.93,0
2026-08-26 06:00:00,3,72.22,0.07,45.63,0.3,16.2,56.9,0
2026-08-26 07:00:00,3,72.38,0.08,45.89,0.29,16.29,55.48,0
2026-08-26 08:00:00,3,72.43,0.08,46.18,0.28,16.45,54.98,0
2026-08-26 09:00:00,3,72.27,0.07,46.15,0.28,16.71,56.59,0
2026-08-26 10:00:00,3,71.84,0.06,45.49,0.29,17.23,59.98,0
2026-08-26 11:00:00,3,70.91,0.05,44.38,0.31,17.81,63.55,0
2026-08-26 12:00:00,3,70.14,0.05,43.13,0.33,18.35,66.78,0
2026-08-26 13:00:00,3,69.4,0.05,42.0,0.33,18.67,69.19,0
2026-08-26 14:00:00,3,69.01,0.05,41.3,0.34,18.79,70.59,0
2026-08-26 15:00:00,3,69.33,0.05,41.36,0.34,18.72,71.36,0
2026-08-26 16:00:00,3,69.84,0.05,42.11,0.33,18.49,71.57,0
2026-08-26 17:00:00,3,70.24,0.06,42.71,0.34,18.31,71.99,0
2026-08-26 18:00:00,3,70.61,0.07,43.17,0.36,18.18,73.07,0
2026-08-26 19:00:00,3,70.67,0.08,43.45,0.37,17.99,74.19,0
2026-08-26 20:00:00,3,70.7,0.08,43.64,0.38,17.63,74.62,0
2026-08-26 21:00:00,3,70.79,0.08,43.89,0.38,17.08,71.77,0
2026-08-26 22:00:00,3,70.96,0.08,44.16,0.39,16.77,70.2,0
2026-08-26 23:00:00,3,71.24,0.08,44.21,0.39,16.73,70.29,0
2026-08-27 00:00:00,3,71.23,0.08,44.1,0.4,16.76,70.08,0
2026-08-27 01:00:00,3,71.31,0.08,43.94,0.4,16.81,69.76,0
2026-08-27 02:00:00,3,71.43,0.08,43.67,0.4,16.84,68.5,0
2026-08-27 03:00:00,3,71.6,0.08,43.35,0.4,17.02,70.2,0
2026-08-27 04:00:00,3,71.8,0.08,43.14,0.41,17.41,73.18,0
2026-08-27 05:00:00,3,72.05,0.09,43.03,0.42,17.84,76.22,0
2026-08-27 06:00:00,3,72.25,0.09,43.26,0.43,18.27,78.87,0
2026-08-27 07:00:00,3,72.35,0.09,43.65,0.43,18.45,80.3,0
2026-08-27 08:00:00,3,72.22,0.09,44.07,0.43,18.38,81.09,0
2026-08-27 09:00:00,3,71.77,0.09,44.37,0.43,18.05,81.24,0
2026-08-27 10:00:00,3,71.27,0.07,44.62,0.43,17.87,81.71,0
2026-08-27 11:00:00,3,70.81,0.06,44.53,0.43,17.94,82.76,0
2026-08-27 12:00:00,3,70.15,0.06,44.05,0.44,17.98,83.08,0
2026-08-27 13:00:00,3,69.25,0.06,43.24,0.44,17.87,82.12,0
2026-08-27 14:00:00,3,68.35,0.06,42.36,0.45,17.67,80.66,0
2026-08-27 15:00:00,3,67.95,0.06,41.88,0.46,17.53,79.55,0
2026-08-27 16:00:00,3,67.9,0.07,41.53,0.47,17.34,78.53,0
2026-08-27 17:00:00,3,67.94,0.07,41.16,0.49,17.24,78.42,0
2026-08-27 18:00:00,3,68.09,0.09,40.8,0.51,17.39,79.72,0
2026-08-27 19:00:00,3,68.02,0.1,40.25,0.53,17.66,81.4,0
2026-08-27 20:00:00,3,67.77,0.1,39.84,0.55,17.97,82.95,0
2026-08-27 21:00:00,3,67.74,0.1,39.46,0.55,18.12,83.58,0
2026-08-27 22:00:00,3,67.51,0.11,38.93,0.56,18.24,84.13,0
2026-08-27 23:00:00,3,67.04,0.11,38.15,0.58,18.62,85.94,0
2026-08-28 00:00:00,3,66.53,0.11,37.33,0.58,19.02,87.7,0
2026-08-28 01:00:00,3,66.32,0.11,36.85,0.58,19.3,89.22,0
2026-08-28 02:00:00,3,66.42,0.11,36.8,0.57,19.36,89.66,0
2026-08-28 03:00:00,3,66.89,0.11,37.28,0.55,19.18,88.96,0
2026-08-28 04:00:00,3,67.32,0.11,37.89,0.54,19.33,89.82,0
2026-08-28 05:00:00,3,67.29,0.11,38.24,0.54,19.33,89.75,0
2026-08-29 06:00:00,3,65.59,0.11,35.95,0.53,18.01,79.01,0
2026-08-29 07:00:00,3,65.23,0.12,36.62,0.54,17.96,78.64,0
2026-08-29 08:00:00,3,64.88,0.1,37.4,0.54,17.68,76.65,0
2026-08-29 09:00:00,3,64.54,0.09,38.55,0.52,16.77,71.83,0
2026-08-29 10:00:00,3,64.47,0.08,39.72,0.51,15.63,66.39,0
2026-08-29 11:00:00,3,64.52,0.07,40.44,0.5,14.87,64.28,0
2026-08-29 12:00:00,3,64.46,0.06,40.58,0.5,14.76,65.6,0
2026-08-29 13:00:00,3,64.3,0.05,40.22,0.5,14.94,67.45,0
2026-08-29 14:00:00,3,64.27,0.05,39.71,0.5,15.02,68.32,0
2026-08-29 15:00:00,3,64.26,0.05,39.12,0.51,14.95,68.58,0
2026-08-29 16:00:00,3,64.12,0.05,38.5,0.52,14.87,68.26,0
2026-08-29 17:00:00,3,63.87,0.06,37.96,0.52,14.72,66.64,0
2026-08-29 18:00:00,3,63.87,0.08,37.72,0.53,14.45,65.03,0
2026-08-29 19:00:00,3,64.18,0.09,37.76,0.53,14.15,64.41,0
2026-08-29 20:00:00,3,64.77,0.09,37.86,0.53,14.0,64.48,0
2026-08-29 21:00:00,3,65.16,0.09,37.76,0.52,13.94,64.17,0
2026-08-29 22:00:00,3,65.24,0.09,37.26,0.52,13.89,63.95,0
2026-08-29 23:00:00,3,64.94,0.1,36.39,0.53,14.07,64.76,0
2026-08-30 00:00:00,3,64.52,0.1,35.63,0.53,14.36,65.31,0
2026-08-30 01:00:00,3,64.28,0.1,35.03,0.53,14.6,65.37,0
2026-08-30 02:00:00,3,64.25,0.1,34.72,0.53,14.62,64.61,0
2026-08-30 03:00:00,3,64.42,0.1,34.91,0.51,14.5,63.48,0
2026-08-30 04:00:00,3,64.57,0.1,35.4,0.5,14.44,63.04,0
2026-08-30 05:00:00,3,64.67,0.1,35.8,0.5,14.59,63.82,0
2026-08-30 06:00:00,3,64.55,0.1,36.13,0.5,14.95,64.05,0
2026-08-30 07:00:00,3,64.4,0.1,36.58,0.5,15.29,62.96,0
2026-08-30 08:00:00,3,64.29,0.1,37.31,0.5,15.49,62.93,0
2026-08-30 09:00:00,3,64.29,0.09,38.44,0.48,15.33,60.18,0
2026-08-30 10:00:00,3,64.35,0.08,39.65,0.46,15.02,57.19,0
2026-08-30 11:00:00,3,64.41,0.07,40.73,0.45,14.65,55.23,0
2026-08-30 12:00:00,3,64.38,0.06,41.35,0.44,14.47,58.05,0
2026-08-30 13:00:00,3,64.18,0.06,41.14,0.47,14.91,64.2,0
2026-08-30 14:00:00,3,64.05,0.05,40.34,0.48,15.48,69.01,0
2026-08-30 15:00:00,3,64.18,0.05,39.35,0.49,15.72,70.28,0
2026-08-30 16:00:00,3,64.35,0.05,38.36,0.49,15.74,69.82,0
2026-08-30 17:00:00,3,64.54,0.06,37.48,0.5,15.74,69.55,0
2026-08-30 18:00:00,3,64.77,0.07,36.6,0.51,15.83,70.07,0
2026-08-30 19:00:00,3,64.76,0.09,35.63,0.51,15.91,70.53,0
2026-08-30 20:00:00,3,64.68,0.09,34.63,0.52,15.98,71.12,0
2026-08-30 21:00:00,3,64.63,0.1,33.81,0.52,15.88,70.58,0
2026-08-30 22:00:00,3,64.64,0.1,33.15,0.52,15.78,70.84,0
2026-08-30 23:00:00,3,64.66,0.1,32.49,0.52,15.66,70.59,0
2026-08-31 00:00:00,3,64.55,0.11,31.9,0.51,15.51,67.8,0
2026-08-31 01:00:00,3,64.58,0.11,31.46,0.49,15.16,63.85,0
2026-08-31 02:00:00,3,64.68,0.11,31.23,0.47,14.61,59.59,0
2026-08-31 03:00:00,3,64.9,0.11,31.28,0.45,13.88,55.38,0
2026-08-31 04:00:00,3,65.21,0.1,31.58,0.44,13.33,52.71,0
2026-08-31 05:00:00,3,65.33,0.1,31.9,0.43,13.05,51.12,0
2026-08-31 06:00:00,2,65.48,0.1,32.28,0.42,12.92,49.27,0
2026-08-31 07:00:00,2,65.45,0.11,32.8,0.41,12.74,46.93,0
2026-08-31 08:00:00,2,65.4,0.1,33.54,0.4,12.59,45.28,0
2026-08-31 09:00:00,2,65.35,0.09,34.55,0.39,12.5,44.83,0
2026-08-31 10:00:00,2,65.37,0.08,35.64,0.39,12.48,45.58,0
2026-08-31 11:00:00,2,65.4,0.07,36.78,0.39,12.45,46.17,0
2026-08-31 12:00:00,2,65.41,0.06,37.86,0.4,12.7,48.84,0
2026-08-31 13:00:00,3,65.32,0.05,38.8,0.41,12.95,50.83,0
2026-08-31 14:00:00,3,65.05,0.05,39.42,0.41,13.26,52.37,0
2026-08-31 15:00:00,3,64.83,0.05,39.72,0.42,13.82,54.83,0
2026-08-31 16:00:00,3,64.51,0.06,39.89,0.43,14.38,57.33,0
2026-08-31 17:00:00,3,64.37,0.06,40.19,0.44,14.57,58.36,0
2026-08-31 18:00:00,3,64.69,0.08,40.87,0.45,14.5,58.17,0
2026-08-31 19:00:00,3,64.98,0.09,41.46,0.45,14.42,57.79,0
2026-08-31 20:00:00,3,65.24,0.09,41.76,0.44,14.33,57.48,0
2026-08-31 21:00:00,3,65.29,0.09,41.65,0.44,14.13,57.21,0
2026-08-31 22:00:00,3,65.5,0.09,41.53,0.43,13.99,57.64,0
2026-08-31 23:00:00,3,65.58,0.09,41.27,0.42,13.87,57.94,0
2026-09-01 00:00:00,3,65.54,0.09,40.84,0.41,13.75,55.89,0
2026-09-01 01:00:00,3,65.45,0.1,40.29,0.4,13.66,53.84,0
2026-09-01 02:00:00,3,65.4,0.1,39.68,0.38,13.46,52.04,0
2026-09-01 03:00:00,2,65.44,0.1,39.29,0.37,13.07,49.15,0
2026-09-01 04:00:00,2,65.53,0.1,38.85,0.35,12.97,46.39,0
2026-09-01 05:00:00,2,65.64,0.11,38.34,0.35,13.36,45.23,0
2026-09-01 06:00:00,2,65.88,0.11,37.98,0.38,13.91,45.44,0
2026-09-01 07:00:00,2,66.13,0.11,37.58,0.41,14.45,46.36,0
2026-09-01 08:00:00,2,66.35,0.12,37.47,0.43,14.69,47.36,0
2026-09-01 09:00:00,2,66.67,0.11,37.52,0.45,14.66,48.88,0
2026-09-01 10:00:00,3,67.01,0.1,37.71,0.48,14.69,51.0,0
2026-09-01 11:00:00,3,67.25,0.08,37.46,0.5,14.99,53.83,0
2026-09-01 12:00:00,3,67.27,0.07,36.78,0.53,15.34,56.49,0
2026-09-01 13:00:00,3,67.13,0.07,36.05,0.54,15.55,58.23,0
2026-09-01 14:00:00,3,66.92,0.06,35.47,0.54,15.66,58.82,0
2026-09-01 15:00:00,3,66.89,0.06,35.13,0.55,15.87,60.04,0
2026-09-01 16:00:00,3,66.69,0.07,34.85,0.57,16.22,62.13,0
2026-09-01 17:00:00,3,66.55,0.07,34.75,0.59,16.55,63.87,0
2026-09-01 18:00:00,3,66.53,0.09,34.8,0.61,16.76,65.39,0
2026-09-01 19:00:00,3,66.6,0.11,34.85,0.61,16.69,65.6,0
2026-09-01 20:00:00,3,66.78,0.11,34.99,0.61,16.47,65.08,0
2026-09-01 21:00:00,3,66.84,0.11,35.06,0.6,16.14,64.23,0
2026-09-01 22:00:00,3,67.11,0.11,35.23,0.59,15.87,63.74,0
2026-09-01 23:00:00,3,67.43,0.11,35.47,0.58,15.64,63.42,0
2026-09-02 00:00:00,3,67.54,0.11,35.72,0.57,15.35,62.03,0
2026-09-02 01:00:00,3,67.71,0.1,36.01,0.55,15.06,60.03,0
2026-09-02 02:00:00,3,67.88,0.1,36.33,0.53,14.88,58.53,0
2026-09-02 03:00:00,3,67.99,0.1,36.59,0.51,14.72,55.99,0
2026-09-02 04:00:00,3,68.1,0.1,36.88,0.49,14.51,53.53,0
2026-09-02 05:00:00,3,68.15,0.1,37.1,0.47,14.22,51.79,0
2026-09-02 06:00:00,3,68.17,0.1,37.28,0.46,13.85,51.06,0
2026-09-02 07:00:00,2,68.23,0.11,37.49,0.45,13.42,49.49,0
2026-09-02 08:00:00,2,68.27,0.12,37.79,0.42,12.83,45.59,0
2026-09-02 09:00:00,2,68.19,0.11,38.12,0.39,12.22,41.15,0
2026-09-02 10:00:00,2,67.86,0.1,38.06,0.39,12.14,38.3,0
2026-09-02 11:00:00,2,67.61,0.09,38.01,0.39,12.26,36.12,0
2026-09-02 12:00:00,2,67.26,0.08,37.97,0.4,12.5,34.64,0
2026-09-02 13:00:00,2,67.03,0.08,38.01,0.42,12.82,34.54,0
2026-09-02 14:00:00,2,66.97,0.08,38.14,0.44,13.17,35.89,0
2026-09-02 15:00:00,2,67.28,0.07,38.5,0.47,13.47,38.41,0
2026-09-02 16:00:00,2,67.67,0.08,38.98,0.48,13.53,40.82,0
2026-09-02 17:00:00,2,68.18,0.08,39.53,0.48,13.32,42.32,0
2026-09-02 18:00:00,2,68.8,0.09,40.22,0.48,13.1,43.25,0
2026-09-02 19:00:00,2,69.42,0.1,40.75,0.46,12.66,43.07,0
2026-09-02 20:00:00,2,69.81,0.09,41.08,0.45,12.24,42.66,0
2026-09-02 21:00:00,2,69.93,0.09,41.26,0.43,11.76,41.25,0
2026-09-02 22:00:00,2,69.98,0.09,41.26,0.42,11.37,39.92,0
2026-09-02 23:00:00,2,69.76,0.09,41.16,0.41,11.16,39.29,0
2026-09-03 00:00:00,2,69.57,0.09,40.98,0.4,11.01,38.72,0
2026-09-03 01:00:00,2,69.42,0.09,40.89,0.39,10.87,38.07,0
2026-09-03 02:00:00,2,69.3,0.09,40.87,0.38,10.74,36.85,0
2026-09-03 03:00:00,2,69.39,0.08,40.9,0.36,10.57,34.42,0
2026-09-03 04:00:00,2,69.44,0.08,40.94,0.34,10.47,31.61,0
2026-09-03 05:00:00,2,69.66,0.08,40.88,0.32,10.45,29.22,0
2026-09-03 06:00:00,2,69.77,0.08,40.86,0.31,10.45,27.84,0
2026-09-03 07:00:00,2,70.01,0.08,41.0,0.29,10.37,26.5,0
2026-09-03 08:00:00,2,70.21,0.09,41.15,0.28,10.2,25.26,0
2026-09-03 09:00:00,2,70.06,0.08,41.16,0.26,10.08,25.03,0
2026-09-03 10:00:00,2,69.73,0.07,40.98,0.28,10.36,26.8,0
2026-09-03 11:00:00,2,69.23,0.06,40.6,0.3,10.79,29.59,0
2026-09-03 12:00:00,2,68.59,0.06,40.02,0.33,11.26,32.94,0
2026-09-03 13:00:00,2,67.76,0.05,39.41,0.35,11.74,36.38,0
2026-09-03 14:00:00,2,66.85,0.06,38.84,0.37,12.26,39.66,0
2026-09-03 15:00:00,2,66.17,0.06,38.48,0.4,12.76,42.33,0
2026-09-03 16:00:00,2,65.49,0.06,38.03,0.41,13.08,43.68,0
2026-09-03 17:00:00,2,65.04,0.07,37.75,0.43,13.13,43.41,0
2026-09-03 18:00:00,2,65.13,0.09,37.7,0.43,12.77,41.86,0
2026-09-03 19:00:00,2,65.49,0.1,37.55,0.44,12.23,40.27,0
2026-09-03 20:00:00,2,65.91,0.1,37.41,0.44,11.95,39.43,0
2026-09-03 21:00:00,2,66.28,0.1,37.18,0.44,11.91,38.81,0
2026-09-03 22:00:00,2,66.67,0.09,37.2,0.43,11.9,37.93,0
2026-09-03 23:00:00,2,67.07,0.09,37.25,0.42,11.87,36.98,0
2026-09-04 00:00:00,2,67.33,0.09,37.39,0.41,11.75,35.35,0
2026-09-04 01:00:00,2,67.74,0.09,37.65,0.39,11.52,33.07,0
2026-09-04 02:00:00,2,68.19,0.08,37.97,0.37,11.15,30.41,0
2026-09-04 03:00:00,2,68.65,0.08,38.32,0.35,10.71,28.1,0
2026-09-04 04:00:00,2,68.86,0.08,38.55,0.35,10.43,26.68,0
2026-09-04 05:00:00,2,68.82,0.08,38.6,0.35,10.44,26.64,0
2026-09-04 06:00:00,2,68.8,0.08,38.61,0.36,10.61,27.37,0
2026-09-04 07:00:00,2,68.47,0.08,38.58,0.36,10.84,28.5,0
2026-09-04 08:00:00,2,68.34,0.09,38.6,0.37,11.04,30.43,0
2026-09-04 09:00:00,2,68.02,0.08,38.56,0.37,11.24,32.87,0
2026-09-04 10:00:00,2,67.85,0.08,38.34,0.4,11.7,35.53,0
2026-09-04 11:00:00,2,67.47,0.07,37.98,0.41,12.12,36.93,0
2026-09-04 12:00:00,2,66.98,0.06,37.59,0.42,12.54,37.69,0
2026-09-04 13:00:00,2,66.41,0.06,37.1,0.44,13.01,38.73,0
2026-09-04 14:00:00,2,65.76,0.06,36.72,0.46,13.39,40.03,0
2026-09-04 15:00:00,2,65.46,0.06,36.73,0.47,13.38,40.73,0
2026-09-04 16:00:00,2,65.44,0.06,37.25,0.47,12.77,40.14,0
2026-09-04 17:00:00,2,65.88,0.07,38.03,0.48,11.94,39.53,0
2026-09-04 18:00:00,2,66.42,0.08,38.8,0.48,11.31,39.44,0
2026-09-04 19:00:00,2,66.56,0.09,39.16,0.47,11.16,39.7,0
2026-09-04 20:00:00,2,66.34,0.09,39.1,0.47,11.49,41.03,0
2026-09-04 21:00:00,2,66.0,0.09,38.97,0.46,11.89,42.25,0
2026-09-04 22:00:00,2,66.0,0.09,39.14,0.47,12.18,43.25,0
2026-09-04 23:00:00,2,66.11,0.09,39.4,0.48,12.37,43.71,0
2026-09-05 00:00:00,2,65.97,0.09,39.65,0.48,12.24,42.59,0
2026-09-05 01:00:00,2,65.96,0.09,39.97,0.47,11.86,40.28,0
2026-09-05 02:00:00,2,65.98,0.08,40.24,0.46,11.46,38.24,0
2026-09-05 03:00:00,2,66.27,0.08,40.43,0.46,11.15,36.93,0
2026-09-05 04:00:00,2,66.75,0.08,40.61,0.46,10.99,36.68,0
2026-09-05 05:00:00,2,67.12,0.08,40.79,0.47,11.04,37.05,0
2026-09-05 06:00:00,2,67.2,0.08,40.78,0.48,11.3,37.7,0
2026-09-05 07:00:00,2,67.27,0.08,40.67,0.49,11.61,37.59,0
2026-09-05 08:00:00,2,67.35,0.08,40.6,0.49,11.81,36.4,0
2026-09-05 09:00:00,2,67.42,0.07,40.55,0.48,11.79,35.19,0
2026-09-05 10:00:00,2,67.51,0.06,40.5,0.47,11.79,35.17,0
2026-09-05 11:00:00,2,67.47,0.05,40.25,0.48,11.87,36.13,0
2026-09-05 12:00:00,2,67.05,0.05,39.65,0.48,11.95,37.06,0
2026-09-05 13:00:00,2,66.61,0.05,38.9,0.49,11.99,37.83,0
2026-09-05 14:00:00,2,66.38,0.05,38.31,0.49,11.78,38.25,0
2026-09-05 15:00:00,2,66.61,0.05,38.14,0.48,11.31,37.8,0
2026-09-05 16:00:00,2,66.71,0.05,38.12,0.47,10.87,37.28,0
2026-09-05 17:00:00,2,66.4,0.05,38.08,0.48,10.85,38.24,0
2026-09-05 18:00:00,2,65.91,0.07,38.04,0.5,11.03,39.89,0
2026-09-05 19:00:00,2,65.52,0.08,38.07,0.51,11.19,41.41,0
2026-09-05 20:00:00,2,65.26,0.08,38.18,0.53,11.32,42.59,0
2026-09-05 21:00:00,2,65.27,0.08,38.3,0.54,11.29,43.11,0
2026-09-05 22:00:00,2,65.51,0.08,38.42,0.55,11.17,43.05,0
